"news,cjpl,857559199.html",沪指震荡收涨：券商与黄金板块强势领涨 北向资金净流,10.1万,386,2019-07-19 15:00:30
"news,cjpl,857485552.html",罕见！一日4国央行宣布降息 A股强势反弹！北上资金抄,23.9万,362,2019-07-19 11:21:51
"news,cjpl,857411416.html",券商收紧科创板两融风控：分阶段设限 T+0强平或仅是个,23.5万,88,2019-07-19 08:30:27
"news,cjpl,857403473.html",QFII额度管理有望放宽或取消 外资入市将更便捷,14.6万,38,2019-07-19 06:32:45
"news,cjpl,857016161.html",炒股理财选东方财富证券！7×24小时股票开户，佣金低至,50.2万,90,2019-07-17 11:05:48
http:ask.eastmoney.comdetail.html?qid=309511272822870016, 【¥88.00】2900点能否经受住考验？,70158,85,
"news,cjpl,857383991.html",环保整治致化工品价格暴涨 催生龙头板块投资机会,5168,3,2019-07-18 22:28:42
"news,cjpl,857408368.html",中报即将迎密集发布期 掘金小心五大“地雷”,5846,2,2019-07-19 07:52:55
"news,600596,857407358.html",新安股份(600596)融资融券信息(07-18),762,0,2019-07-19 07:40:55
"news,600596,857556409.html",大单出逃,187,0,2019-07-19 14:54:40
"news,600596,857546892.html",今天就这样了，洗洗蛋睡觉吧,190,0,2019-07-19 14:38:02
"news,600596,857543539.html",分时线压制过不去了。,210,0,2019-07-19 14:32:36
"news,600596,857536625.html",战友们好，刚建仓,238,0,2019-07-19 14:19:42
"news,600596,857531683.html",谁能告诉我今天还能涨吗,419,1,2019-07-19 14:09:33
"news,600596,857531613.html",草甘膦板块上涨，怎么新安还是趴着，选错了？,495,2,2019-07-19 14:09:25
"news,600596,857526937.html",这股也就这样了大盘涨多少他必定纹丝不动，大盘跌多少,259,0,2019-07-19 13:59:37
"news,600596,857521914.html",垃圾永远是垃圾,259,0,2019-07-19 13:49:33
"news,600596,857519515.html",咋不涨呢，都进了两天了,269,0,2019-07-19 13:44:22
"news,600596,857516110.html",托单没意义，还是往下走,250,0,2019-07-19 13:37:46
"news,600596,857513575.html",不放量，没戏,232,0,2019-07-19 13:32:50
"news,600596,857508084.html",坐稳喽就等了哦,355,1,2019-07-19 13:21:39
"news,600596,857507412.html",大盘不行了。要往下走了,245,0,2019-07-19 13:20:09
"news,600596,857499092.html",有机硅价格持续上涨相关公司有望受益,834,0,2019-07-19 12:47:19
"news,600596,857489294.html",融资客不会去爆啦,335,0,2019-07-19 11:34:14
"news,600596,857479001.html",大盘好，个股都在暴涨。还在这个股的兄弟你们好吗？,352,0,2019-07-19 11:10:43
"news,600596,857472706.html",这一个僵尸股，,277,0,2019-07-19 10:57:20
"news,600596,857467651.html",万手哥请来,309,0,2019-07-19 10:47:41
"news,600596,857463625.html",昨天进的仓位，今天踢出去，并没有完全确立上升趋势，,612,1,2019-07-19 10:39:36
"news,600596,857448877.html",还在卖的人不是傻叉就是庄狗喽,387,0,2019-07-19 10:12:33
"news,600596,857448766.html",10.8，走了，换黄金股,378,0,2019-07-19 10:12:27
"news,600596,857447946.html",该硬的时候不硬，有病，得治,344,0,2019-07-19 10:11:02
"news,600596,857445533.html",没站稳10.94没有任何意义。还是要往下走,363,0,2019-07-19 10:07:09
"news,600596,857434140.html",突破10.94再加仓,393,0,2019-07-19 09:49:10
"news,600596,857431958.html",大单拖着太明显了,422,0,2019-07-19 09:45:48
"news,600596,857426688.html",今天可能放巨量,348,0,2019-07-19 09:37:40
"news,600596,857426026.html",这走势不对啊,302,0,2019-07-19 09:36:38
"news,600596,857425470.html",看好新安股份，草甘膦、硅都涨价，股价能不涨吗？[想,799,1,2019-07-19 09:35:37
"news,600596,857425115.html",草甘膦涨价4000元每吨，大利好。,483,0,2019-07-19 09:34:58
"news,600596,857424217.html",压盘,329,0,2019-07-19 09:33:16
"news,cjpl,857414579.html",新安股份：融资净买入1121.62万元，融资余额8.96亿元,455,0,2019-07-19 08:58:49
"news,600596,857412950.html",新安股份有机硅龙头，今天拉板的节奏。。拿死他一个星,639,1,2019-07-19 08:46:52
"news,600596,857409544.html",新安股份今天必涨3%，坚决持有不割肉，绩优分红股五洲,599,0,2019-07-19 08:09:42
"news,600596,857379500.html",有机硅价格持续上涨相关公司有望受益,2749,4,2019-07-18 21:51:15
"news,600596,857344937.html",从今天的走势看，大盘一个月内不会有波段行情，立帖为,1376,2,2019-07-18 16:44:58
"news,600596,857341700.html",今天资金大量流出，准备下周一炒作科创板,926,1,2019-07-18 16:28:02
"news,600596,857337926.html",新安股份07月18日资金揭秘,926,0,2019-07-18 16:06:41
"news,600596,857322735.html",强势股。没有走完…看高,1206,1,2019-07-18 15:00:58
"news,600596,857320703.html",明天主食定了。继续吃面。,905,1,2019-07-18 14:57:44
"news,600596,857317770.html",打了一天酱油,588,0,2019-07-18 14:53:28
"news,600596,857296129.html",巨资持续涌入，飙升暴涨。白银巨头！会涨至10多元。不,1090,1,2019-07-18 14:13:39
"news,600596,857291181.html",看看KDJ 向下喽,890,1,2019-07-18 14:02:40
"news,600596,857290620.html",不妙,684,0,2019-07-18 14:01:15
"news,600596,857276218.html",盘面好的时候蜂拥而上，不好的时候做鸟兽散,696,0,2019-07-18 13:28:36
"news,600596,857268805.html",跳水,606,0,2019-07-18 13:10:24
"news,600596,857264305.html",昨天主力都没有挣钱，自己思考,947,1,2019-07-18 12:47:58
"news,600596,857262962.html",哎，手贱被埋,671,0,2019-07-18 12:36:38
"news,600596,857262903.html",下午优惠飙起来，拿住这这装逼货,684,0,2019-07-18 12:36:07
"news,600596,857257944.html",僵尸股,646,0,2019-07-18 11:58:13
"news,600596,857250436.html",下午率先企稳的还是草甘膦,1146,1,2019-07-18 11:27:36
"news,600596,857247301.html",竟然比不过江山美人[为什么],733,0,2019-07-18 11:20:50
"news,600596,857238630.html",嗅到了危险的气息,683,0,2019-07-18 11:02:09
"news,600596,857226419.html",不管庄家咋出货，我都是低吸,687,0,2019-07-18 10:36:23
"news,600596,857222569.html",期待10点半后旱地拔葱,1155,5,2019-07-18 10:29:02
"news,600596,857218265.html",会跳水,512,0,2019-07-18 10:21:02
"news,600596,857207537.html",绝佳上车时机,528,0,2019-07-18 10:04:43
"news,600596,857203288.html",10.61补仓,1051,5,2019-07-18 09:59:31
"news,600596,857187459.html",有抛的有吸的，都很凶残，但原材料复苏，我觉得吸的是,635,0,2019-07-18 09:38:49
"news,600596,857183510.html",今天被洗出去的爽了哈哈哈，再见,638,0,2019-07-18 09:32:14
"news,600596,857181950.html",今天要是再高开就是主力出货的节奏，今日必定低开高走,610,0,2019-07-18 09:28:38
"news,600596,857181015.html",昨天买的惨了。,797,2,2019-07-18 09:26:35
"news,600596,857180578.html",牛逼[赞],517,0,2019-07-18 09:25:44
"news,cjpl,857177025.html",新安股份：连续3日融资净偿还累计3907.6万元（07-17）,757,0,2019-07-18 09:14:29
"news,600596,857169584.html",7.18关注新安股份、英洛华！,1201,1,2019-07-18 08:13:14
"news,600596,857168423.html",新安股份今天能涨停吗？,1214,2,2019-07-18 07:56:44
"news,600596,857168035.html",不要怂就是干,625,0,2019-07-18 07:49:31
"news,600596,857167347.html",新安股份(600596)融资融券信息(07-17),1335,0,2019-07-18 07:41:37
"news,600596,857166786.html",跌停吗？,1086,0,2019-07-18 07:36:36
"news,600596,857153483.html",这个股要来短期暴涨了，短期30%的空间有的,1349,0,2019-07-17 23:51:41
"news,600596,857151190.html",预测明天继续上涨，收盘在11元以上，进入慢牛行情，一,1031,0,2019-07-17 23:18:44
"news,600596,857148582.html",黄磷价格暴涨,1653,0,2019-07-17 22:47:54
"news,600596,857148499.html",新安股份，等它站稳10.94，先加个自选。,1136,5,2019-07-17 22:47:10
"news,cfhpl,857145334.html",草甘膦单日价格上涨近5%，A股相关受益公司有哪些？,5617,0,2019-07-17 22:13:15
"news,600596,857138805.html",进场信号有四点：1、止跌时9.80可进场2、二次探底时再,2104,1,2019-07-17 21:14:31
"news,600596,857128430.html",开工了（六）,3253,8,2019-07-17 19:22:30
"news,600596,857122445.html",这次会到60吗,1530,5,2019-07-17 18:13:53
"news,600596,857105238.html",新安股份07月17日资金揭秘,1583,1,2019-07-17 16:06:25
"news,600596,857104077.html",今天这么一走，新安的未来走势就清楚了，如果大盘后期,2930,1,2019-07-17 15:59:45
"news,600596,857103644.html",挣了点走了，这股太墨迹，典型的急跌慢涨，都急死我了,1271,2,2019-07-17 15:56:31
"news,600596,857095020.html",本周两个十字星把我振出来了，今天就拉，我是被监控了,1546,2,2019-07-17 15:05:45
"news,600596,857094327.html",不错不错量慢慢的也起来了，图形很好,878,0,2019-07-17 15:03:42
"news,600596,857093004.html",上涨了，董监高又要减持了？,1094,2,2019-07-17 15:00:26
"news,600596,857092969.html",不容易呀,674,0,2019-07-17 15:00:17
"news,600596,857089891.html",能否破11，加把劲，我已经支持了一点。意思一下。尽力,768,0,2019-07-17 14:54:00
"news,600596,857085663.html",满上，怕个P,683,0,2019-07-17 14:45:31
"news,600596,857084994.html",回补下面缺口后才是真正的涨,1143,2,2019-07-17 14:44:08
"news,600596,857084791.html",各位砖家去哪里了？叫兽也请出来走两步！,683,0,2019-07-17 14:43:47
"news,600596,857079319.html",我最喜欢和买啥啥就跌，卖啥啥就涨的人交你朋友啊,826,1,2019-07-17 14:33:37
"news,600596,857071775.html",这次会到30吗,2942,11,2019-07-17 14:18:25
"news,600596,857068731.html",主力接了不少货，大家不要卖！,1498,5,2019-07-17 14:11:28
"news,600596,857063363.html",日线级别底背驰，兄弟们可以放心干了,1058,2,2019-07-17 13:59:39
"news,600596,857062637.html",看样子今天要破10.95,799,1,2019-07-17 13:58:00
"news,600596,857062437.html",冲冲冲，一鼓作气涨停板 一鼓作气,798,0,2019-07-17 13:57:31
"news,600596,857060516.html",今天提前一个小时发力，是要拉板的节奏吗？,832,2,2019-07-17 13:53:06
"news,600596,857059163.html",买啥啥就跌，卖啥啥就涨,600,1,2019-07-17 13:50:03
"news,600596,857058116.html",起飞吧,521,0,2019-07-17 13:47:41
"news,600596,857053534.html",开始了要,478,0,2019-07-17 13:37:14
"news,600596,857052424.html",和些讨口子乞丐买一只股票真的好痛苦！,546,0,2019-07-17 13:34:39
"news,600596,857052211.html",收盘翻绿,586,1,2019-07-17 13:34:09
"news,600596,857050625.html",预感今天会板，就像我昨天感觉要直上或者直下一样，大,591,0,2019-07-17 13:30:25
"news,600596,857050514.html",涨停，涨涨涨,483,0,2019-07-17 13:30:16
"news,600596,857049597.html",还没来得及卖又下去了～你大爷的14什么时候才能回本,541,0,2019-07-17 13:28:14
"news,600596,857047727.html",没涨停基因,505,0,2019-07-17 13:23:43
"news,600596,857046779.html",积蓄能量，出发。[赞],535,0,2019-07-17 13:21:39
"news,600596,857046319.html",10.91进去的，明天能活着出来不，真想扇自己,1277,4,2019-07-17 13:20:34
"news,600596,857044825.html",你妹昨天10.45割肉,821,3,2019-07-17 13:16:52
"news,600596,857042974.html",别激动，给大伙午后提神醒脑的,545,0,2019-07-17 13:11:49
"news,600596,857042930.html",拿死了，这货装逼,514,0,2019-07-17 13:11:43
"news,600596,857042714.html",10块钱的时候我就满仓了，等一了一个礼拜了,547,0,2019-07-17 13:11:02
"news,cfhpl,857041962.html",草甘膦价格大幅上调，相关企业受益,20608,2,2019-07-17 13:08:47
"news,600596,857041895.html",MMP火箭发射直线拉升,512,0,2019-07-17 13:08:45
"news,600596,857041350.html",这货啥情况,495,0,2019-07-17 13:06:58
"news,600596,857041517.html",新安股份7月17日快速上涨,812,0,2019-07-17 13:06:44
"news,600596,857040556.html",火箭发射,542,0,2019-07-17 13:04:22
"news,600596,857039910.html",什么情况？,561,0,2019-07-17 13:01:33
"news,600596,857039918.html",新安股份7月17日快速反弹,859,0,2019-07-17 13:01:14
"news,600596,857039486.html",都散了吧，是时候散了,823,2,2019-07-17 12:58:32
"news,600596,857033927.html",在此吧里，有人唱空三个月了，天天看空，不是托就是想,817,1,2019-07-17 12:05:56
"news,600596,857027195.html",日线金叉[大笑],550,0,2019-07-17 11:29:54
"news,600596,857026951.html",人美活好！,504,0,2019-07-17 11:29:24
"news,600596,857017957.html",筹码在主力手里，多大的利空都不会跌、筹码在散户手里,580,0,2019-07-17 11:09:30
"news,600596,857014802.html",1234玩个不停，呵呵,506,0,2019-07-17 11:02:59
"news,600596,856999069.html",差不多是时候往下打了，已经没有多少买盘了,596,1,2019-07-17 10:33:05
"news,600596,856996941.html",此股全散户,498,0,2019-07-17 10:28:59
"news,600596,856989934.html",昨天又发生大笔交易11.40！为什么选择高价进货！,925,1,2019-07-17 10:16:13
"news,600596,856989107.html",他妈的，每天都这个鸟样子。。。垃圾,550,0,2019-07-17 10:14:48
"news,600596,856989037.html",今天要大跌  最起码跌破10块位置  跑 别问为什么 亏出,908,2,2019-07-17 10:14:38
"news,600596,856979526.html",冲进来就要好好站岗放哨,751,1,2019-07-17 09:57:14
"news,600596,856972994.html",卖了,491,0,2019-07-17 09:46:12
"news,600596,856972383.html",老套路！今天不向上就又得回去！,708,2,2019-07-17 09:45:04
"news,600596,856971878.html",垃圾，每天想尽办法的压着再让小散上车,522,0,2019-07-17 09:44:14
"news,600596,856965464.html",昨天试盘，，今天拉升,601,2,2019-07-17 09:32:18
"news,600596,856951321.html",新安股份(600596)融资融券信息(07-16),1517,0,2019-07-17 07:40:02
"news,600596,856916884.html",引进央企中化公司或者国外化工龙头企业，扩大对外出口,1618,1,2019-07-16 19:50:25
"news,600596,856911115.html",差一根30分钟的阳柱,765,0,2019-07-16 18:42:58
"news,600596,856911009.html",港仔买得挺多啊,812,0,2019-07-16 18:41:33
"news,600596,856911497.html",新安股份07月16日发生1笔大宗交易价格11.40元 溢价9.2,5117,9,2019-07-16 18:19:16
"news,600596,856899497.html",新安快出货！！,972,0,2019-07-16 17:52:26
"news,600596,856859902.html",嗯值得研究一下,1459,1,2019-07-16 16:18:58
"news,600596,856854338.html",新安股份07月16日资金揭秘,1104,0,2019-07-16 16:06:21
"news,600596,856821732.html",有机硅价格,1398,0,2019-07-16 14:57:49
"news,600596,856819617.html",尾盘我先走一步,682,0,2019-07-16 14:55:01
"news,600596,856816249.html",黄磷大涨，草甘膦也大涨吗？历史是！,1601,2,2019-07-16 14:50:21
"news,600596,856800137.html",说2点开始拉的兄弟出来下，我满仓干进去的 怎么不啦 ,1065,1,2019-07-16 14:28:59
"news,600596,856772380.html",静待直拉了，上和下都能接受，准备好了,810,1,2019-07-16 13:49:32
"news,600596,856772272.html",新安是不是要倒闭了，股价不涨呢,1156,2,2019-07-16 13:49:18
"news,600596,856771313.html",下托上压什么意思?,759,0,2019-07-16 13:48:03
"news,600596,856760381.html",真正的爆发开始了，接着,817,0,2019-07-16 13:31:58
"news,600596,856754618.html",万手哥请来,645,0,2019-07-16 13:23:30
"news,600596,856749974.html",2点开始拉,634,0,2019-07-16 13:16:26
"news,600596,856746996.html",磷化工涨价和它没半毛钱关系吗？,667,0,2019-07-16 13:11:52
"news,600596,856712987.html",小户走完了中户却在增加，庄家似乎并不团结。低码已在,875,0,2019-07-16 11:50:59
"news,600596,856686125.html",板块都涨你不张,783,1,2019-07-16 11:06:23
"news,600596,856685377.html",不降30%的小散是不可能涨的,557,0,2019-07-16 11:05:27
"news,600596,856677260.html",真是一个荸荠,511,0,2019-07-16 10:53:50
"news,600596,856675677.html",主力意图太明显[微笑],1072,1,2019-07-16 10:51:36
"news,600596,856674183.html",你们一手一手交易的看得我眼花，真的，能不能来点刺激,818,1,2019-07-16 10:49:29
"news,600596,856665023.html",拿死他，这货装逼，要起飞,601,0,2019-07-16 10:37:07
"news,600596,856656713.html",这么标准的钓鱼线？,618,0,2019-07-16 10:26:42
"news,600596,856656293.html",公司要倒闭破产了。,535,0,2019-07-16 10:26:04
"news,600596,856652638.html",草甘膦有毒,699,1,2019-07-16 10:21:34
"news,600596,856652560.html",明显的托盘吗这不,522,0,2019-07-16 10:21:28
"news,600596,856649111.html",庄不大但玩得很6,613,0,2019-07-16 10:17:13
"news,600596,856648153.html",又是找人高位接盘的手段。横盘一天礼拜三礼拜四大跌,488,0,2019-07-16 10:16:03
"news,600596,856644730.html",这只股算是量大无人接手,421,0,2019-07-16 10:11:56
"news,600596,856643890.html",怎么回事，昨天草甘膦报价都涨了16%，新安为什么不涨,988,3,2019-07-16 10:10:51
"news,600596,856642284.html",打底裤！,453,0,2019-07-16 10:08:44
"news,600596,856641866.html",散户唱涨就跌。散户唱跌就横盘,347,0,2019-07-16 10:08:18
"news,600596,856633390.html",唉，股票真的很难，没有任何规律，全是散户和庄的博弈,467,0,2019-07-16 09:57:43
"news,600596,856626827.html",扶不起的阿斗,458,0,2019-07-16 09:49:29
"news,600596,856620187.html",无庄家的跟风的垃圾，小涨大跌,461,0,2019-07-16 09:41:26
"news,600596,856613346.html",安迪苏跟新安一样走位,402,0,2019-07-16 09:32:42
"news,600596,856612835.html",西蜀第一刀。[成交][成交][成交],795,5,2019-07-16 09:31:51
"news,600596,856602890.html",今天吃肉[大笑],503,0,2019-07-16 09:14:48
"news,600596,856568460.html",新安股份(600596)融资融券信息(07-15),1429,1,2019-07-16 07:42:34
"news,600596,856304219.html",开工了（五）,3609,12,2019-07-15 18:41:27
"news,600596,856293075.html",草甘膦市场价今天大涨16％！每吨暴涨3800元！,2720,4,2019-07-15 18:11:58
"news,600596,856240593.html",新安股份07月15日资金揭秘,1096,0,2019-07-15 16:06:16
"news,600596,856190283.html",真想骂人！[加油],968,1,2019-07-15 14:31:58
"news,600596,856186560.html",挂起，撤什么撤？,731,0,2019-07-15 14:26:21
"news,600596,856186113.html",压盘侠是几个意思？,736,0,2019-07-15 14:25:49
"news,600596,856185982.html",这票没戏了，上午大盘这么好，主力都不拉升，下午大盘,1400,2,2019-07-15 14:25:33
"news,600596,856184634.html",撤蛋了,634,0,2019-07-15 14:23:40
"news,600596,856170149.html",sb,635,0,2019-07-15 14:02:26
"news,cfhpl,856145780.html",草甘膦价格推涨在即，三只概念股最受益,35145,3,2019-07-15 13:25:38
"news,600596,856138889.html",公司那么有钱，想买老太婆的房产，怎么不买公司股票了,997,0,2019-07-15 13:15:24
"news,600596,856135854.html",不蒸馒头争口气[加油],673,0,2019-07-15 13:10:49
"news,600596,856130249.html",坚信十坚持,713,0,2019-07-15 13:00:50
"news,600596,856129969.html",下午能补涨吗？但愿再见双十一,801,0,2019-07-15 13:00:18
"news,600596,856089914.html",10.48压的2000手，你他妈的真是犯贱,790,0,2019-07-15 11:29:48
"news,600596,856088585.html",这股基本废了  没人关注  高管所作所为太让人失望了,1052,1,2019-07-15 11:28:19
"news,600596,856080812.html",还有人喊着要上车吗？呵呵,1001,2,2019-07-15 11:18:06
"news,600596,856075154.html",中国最大黄磷厂家、黄磷大涨利好兴发、赶快换兴发、,922,0,2019-07-15 11:10:27
"news,600596,856054566.html",赶紧下来，我还没上车,768,1,2019-07-15 10:42:07
"news,600596,856045784.html",他妈的，还压盘,779,1,2019-07-15 10:30:36
"news,600596,856042407.html",上压好啊,541,0,2019-07-15 10:26:09
"news,600596,856042127.html",开始反攻了.,490,0,2019-07-15 10:25:53
"news,600596,856038947.html",今天涨停。看来是必须的了,723,2,2019-07-15 10:21:44
"news,600596,856037795.html",002233,518,0,2019-07-15 10:20:35
"news,600596,856029897.html",我就希望你们能少说两句么，都是放空炮，并没有任何实,549,0,2019-07-15 10:11:11
"news,600596,856029286.html",撤吧！少输当赢！,486,0,2019-07-15 10:10:22
"news,600596,856016960.html",大家小心新安有雷、新安这种垃圾人做庄家入、做不了好,609,0,2019-07-15 09:56:34
"news,600596,856016540.html",越利空越买。越利好越出。不是重组就是减持。,466,0,2019-07-15 09:56:07
"news,600596,856014020.html",下顶上空。估计明天要大跌眼镜。今天应该有一下拉升,428,0,2019-07-15 09:53:37
"news,600596,856007762.html",最后深吸时间上车,415,0,2019-07-15 09:47:34
"news,600596,856006177.html",吹的人这么多，说明还要再跌,520,0,2019-07-15 09:46:14
"news,600596,856006117.html",又是雷一个,519,0,2019-07-15 09:46:14
"news,600596,855996973.html",垃圾，没有庄的垃圾就是这样，小涨大跌，马上创新低，,477,0,2019-07-15 09:38:00
"news,600596,855986610.html",惨惨、黄磷这样涨下去、新安草甘膦快停产,719,0,2019-07-15 09:26:50
"news,cjpl,855984352.html",草甘膦紧跟黄磷价格上涨 相关生产厂商或受益,31350,5,2019-07-15 09:20:57
"news,600596,855978633.html",近日，由于黄磷价格大幅上涨，草甘膦价格也随之上涨，,1009,2,2019-07-15 09:13:22
"news,cjpl,855934768.html",新安股份：融资净买入1480.05万元，融资余额9.24亿元,916,0,2019-07-15 07:09:39
"news,600596,855742180.html",磷化工产品价暴涨，新安前期积蓄的13.62亿存货秒变黄,2697,2,2019-07-14 20:53:36
"news,600596,855705366.html",明天有搞头,1764,1,2019-07-14 19:03:16
"news,600596,855542998.html",磷化产品涨价，成本增加，涨价能不能覆盖掉成本,2119,1,2019-07-14 10:43:51
"news,600596,855268966.html",大盘大概率22号要选择方向了，如果没有政策利好出来，,1328,0,2019-07-13 19:59:02
"news,600596,855120717.html",新安股价到六元是一点问题都没有……,2731,7,2019-07-13 12:18:23
"news,600596,855029196.html",新安股份(600596)融资融券信息(07-12),1464,0,2019-07-13 07:45:09
"news,600596,854875437.html",给你们阳光就灿烂,1086,0,2019-07-12 23:32:34
"news,600596,854857608.html",在资料中《核心题材》显示：......生产化学试剂、磷酸,2528,2,2019-07-12 22:43:16
"news,600596,854812726.html",一财的报道不会有假,1660,0,2019-07-12 20:48:48
"news,600596,854789640.html",磷酸今天涨价30%,3672,4,2019-07-12 19:47:32
"news,600596,854779236.html",新安竟然是正宗的磷化工概念股啊！之前一直闷声不响，,5732,9,2019-07-12 19:19:30
"news,600596,854730994.html",开工了（四）,3324,6,2019-07-12 17:14:24
"news,600596,854699379.html",新安股份07月12日资金揭秘,1683,0,2019-07-12 16:06:25
"news,600596,854668218.html",最高点收盘，是要继续涨？,2036,3,2019-07-12 15:01:50
"news,600596,854661768.html",新安股份=6.14元!假PE,1796,0,2019-07-12 14:53:21
"news,600596,854660997.html",试盘压力山大，卖卖，还涨不了，涨了散户跑路怎么办？,1220,1,2019-07-12 14:52:23
"news,600596,854639903.html",新农一分钟就板了，你还睡觉,2096,3,2019-07-12 14:26:55
"news,600596,854635799.html",澄星，六国已很高，买不着，买点这个垃圾吧，会有点涨,1660,1,2019-07-12 14:21:43
"news,600596,854623182.html",周一涨停！至少也有5%的涨副,1933,2,2019-07-12 14:05:44
"news,600596,854613091.html",真TM的会玩，一手一手的卖一手一手的买,1319,1,2019-07-12 13:52:57
"news,600596,854606877.html",没有庄家啊，得等新庄入驻才有希望啊！化工股一调整，,1095,0,2019-07-12 13:44:43
"news,600596,854565568.html",赶快满仓、满仓,1103,0,2019-07-12 12:33:18
"news,600596,854555051.html",10.45。8万股有谁接手,1481,3,2019-07-12 12:07:00
"news,600596,854554789.html",这只不行撤,813,0,2019-07-12 12:06:25
"news,600596,854554637.html",和别人没法比撤,792,0,2019-07-12 12:06:07
"news,qa,854547963.html",601666平煤股份从中线来看有反弹，可以持股，000035和,109,0,2019-07-12 11:50:18
"news,600596,854543074.html",按照这种大量卖低吸我选择满仓干,798,0,2019-07-12 11:39:48
"news,600596,854533711.html",感觉底部了，庄好像不打压了，慢慢吸,965,1,2019-07-12 11:24:53
"news,600596,854530872.html",涨3个点真不易啊，但愿保持到收盘[看多],662,0,2019-07-12 11:21:03
"news,600596,854500814.html",烂泥扶不上强，老毛病又犯了！,596,0,2019-07-12 10:43:02
"news,600596,854493271.html",10:32 本周有机硅价格继续拉涨，平均涨幅500元/吨目前,1804,2,2019-07-12 10:34:04
"news,600596,854488595.html",没戏了，这垃圾谁买谁套，不服的尽管进来,668,0,2019-07-12 10:28:37
"news,600596,854485866.html",下来吧，差不多了,698,1,2019-07-12 10:25:40
"news,600596,854482094.html",压盘，有人不想让他涨,626,0,2019-07-12 10:21:09
"news,600596,854469643.html",嗯，不错 不错 哈哈哈哈哈,1033,0,2019-07-12 10:07:03
"news,600596,854463001.html",可以逢高止盈出局,826,1,2019-07-12 09:59:57
"news,600596,854453386.html",沾了点化工的好题材 不然又是死[亏大了],637,0,2019-07-12 09:50:15
"news,600596,854445693.html",同兴发的差距怎么就那么大呢？,905,2,2019-07-12 09:43:32
"news,600596,854441817.html",西蜀第一刀,892,7,2019-07-12 09:39:34
"news,600596,854438859.html",980买入能赚多少[为什么],616,0,2019-07-12 09:36:14
"news,600596,854432736.html",新安又被兴发控股的趋势，没有增持，没有市值管理，得,696,0,2019-07-12 09:28:46
"news,cjpl,854406739.html",新安股份：连续3日融资净偿还累计3497.59万元（07-11,997,0,2019-07-12 08:33:05
"news,600596,854400391.html",中行农行，投资分红不爽？,973,1,2019-07-12 08:17:59
ask.eastmoney.comdetail.html?qid=307181988167684096,老师，我现在持有601666平煤股份、000035中国天盈、600596新安股份...,1308,40,
"news,600596,854388101.html",新安股份(600596)融资融券信息(07-11),1530,0,2019-07-12 07:43:18
"news,600596,854107439.html",这个吧发言的人太多了！能涨才怪。,999,0,2019-07-11 18:23:26
"news,600596,854099456.html",哈哈哈哈！见底回升，这波行情半年以上,946,0,2019-07-11 18:03:01
"news,600596,854071076.html",新安股份五大发展方向：绿色化篇,1959,1,2019-07-11 16:54:02
"news,600596,854055329.html",化工企业卖厂注销 涂料企业卖厂的消息，想必大家都不,2226,1,2019-07-11 16:20:12
"news,600596,854048822.html",新安股份07月11日资金揭秘,1187,0,2019-07-11 16:06:14
"news,600596,853949026.html",tnnd真搞不懂，两只同样草甘膦的股票，业绩一样下滑，,2514,3,2019-07-11 13:43:11
"news,600596,853940607.html",下一只涨股原来在这里呀[满仓][满仓][满仓],966,0,2019-07-11 13:32:57
"news,600596,853938114.html",还有利空吗？快出来！！,1057,1,2019-07-11 13:30:09
"news,600596,853934648.html",已死,701,0,2019-07-11 13:25:51
"news,600596,853906499.html",此股已废，13的本，做股东了[怒],879,1,2019-07-11 12:30:35
"news,600596,853899767.html",你是人家江山的脚后跟,877,0,2019-07-11 12:13:35
"news,600596,853885250.html",笨啊！,754,0,2019-07-11 11:41:02
"news,600596,853849636.html",2B僵尸股,770,0,2019-07-11 10:53:07
"news,600596,853823625.html",走出这样的走势，半年之内应该没有行情，小涨大跌，慢,1214,3,2019-07-11 10:21:00
"news,600596,853814611.html",该股技术先进，盈利领先，大股东只持一点点，也没机构,1141,1,2019-07-11 10:10:04
"news,600596,853813336.html",有机硅暴涨，硅宝科技涨停板！,1939,1,2019-07-11 10:08:45
"news,600596,853811582.html",多久了，跌三个点以上的交易日数不清，涨三个点的交易,1024,4,2019-07-11 10:06:44
"news,600596,853810205.html",弱智股，都没有成交量,748,0,2019-07-11 10:05:09
"news,600596,853808506.html",学学兴发集团！,942,1,2019-07-11 10:03:17
"news,600596,853806764.html",打开周线看看，趋势到哪里,907,1,2019-07-11 10:01:15
"news,600596,853803749.html",跌了4个月了，啥风险也释放光了吧？,755,1,2019-07-11 09:57:47
"news,600596,853800950.html",这货今年预计有0.65以上的业绩，跌成这个熊样，庄家在,652,0,2019-07-11 09:54:33
"news,600596,853786975.html",一首凉凉送给自己,604,0,2019-07-11 09:38:52
"news,600596,853786649.html",看看人家兴发集团,700,0,2019-07-11 09:38:30
"news,600596,853770857.html",今日十块9是我的目标价位,838,1,2019-07-11 09:16:02
"news,cjpl,853760690.html",新安股份：融资净偿还1252.03万元，融资余额9.15亿元,964,0,2019-07-11 08:52:36
"news,600596,853729048.html",新安股份(600596)融资融券信息(07-10),1529,1,2019-07-11 07:43:09
"news,600596,853523725.html",明日起飞，3个点起步,1347,3,2019-07-10 21:31:28
"news,600596,853508583.html",开工了（三）,2017,6,2019-07-10 20:54:47
"news,600596,853499138.html",潜伏的散户太多，需要阴跌一年把他们洗出去,889,1,2019-07-10 20:31:12
"news,600596,853498947.html",最少7元止跌,677,0,2019-07-10 20:30:57
"news,600596,853470425.html",有谁解释解释大宗交易溢价买了10.97，是啥子意思？,2484,2,2019-07-10 19:14:32
"news,600596,853454078.html",新安股份07月10日发生1笔大宗交易价格10.97元 溢价10.,6404,16,2019-07-10 18:29:53
"news,600596,853415880.html",兄弟快跑，明天又要跌了,722,0,2019-07-10 16:56:58
"news,600596,853391562.html",新安股份07月10日资金揭秘,1190,0,2019-07-10 16:05:59
"news,600596,853382757.html",8号盘口有游资在10.05强冲被压下了，今天还有人yy涨停,940,0,2019-07-10 15:46:17
"news,600596,853347964.html",11.2的本有一起的兄弟没？？,1403,5,2019-07-10 14:48:07
"news,600596,853336090.html",死股,646,0,2019-07-10 14:36:37
"news,600596,853334310.html",止损出局，这票玩不起,889,1,2019-07-10 14:34:38
"news,600596,853333763.html",感觉9元左右进,648,0,2019-07-10 14:34:08
"news,600596,853320452.html",你妈了个逼，今天最高点，进了2000股。怎么办呀。,1122,2,2019-07-10 14:18:40
"news,600596,853319572.html",垃圾一个，一买就套。[哭],704,0,2019-07-10 14:17:28
"news,600596,853314650.html",操他妈的。。。。这样还有人砸盘？？？？,648,0,2019-07-10 14:11:16
"news,600596,853291462.html",tnnd怎么这里这么多垃圾托，都跌成这样了，还一个劲的,761,0,2019-07-10 13:41:20
"news,600596,853289386.html",坐等发射,866,1,2019-07-10 13:38:32
"news,600596,853239117.html",坐稳了，下午必拉升,1222,3,2019-07-10 11:55:19
"news,600596,853229944.html",进一点，坐等，大部队,1112,2,2019-07-10 11:35:11
"news,600596,853202850.html",加杠杆买入[大笑],818,1,2019-07-10 10:56:19
"news,600596,853182914.html",继续持币等待机会,608,0,2019-07-10 10:29:47
"news,600596,853180525.html",里面潜伏的散户太多，砸到7元以下才行,710,1,2019-07-10 10:26:42
"news,600596,853177274.html",说了别硬撑，7块才适合你,571,0,2019-07-10 10:22:36
"news,600596,853170334.html",上不去啊，不稳定的散户太多,648,2,2019-07-10 10:14:11
"news,600596,853158582.html",这逼股新材料加化工加草甘膦，居然懒洋洋的,663,0,2019-07-10 10:00:41
"news,600596,853155561.html",跟兴发集团学学，弱[大笑],798,1,2019-07-10 09:57:37
"news,600596,853150950.html",别硬撑了，下去吧，7快去吧,469,0,2019-07-10 09:52:23
"news,600596,853145857.html",黄金坑[大笑],1326,4,2019-07-10 09:46:51
"news,600596,853145061.html",下午涨停 ,970,2,2019-07-10 09:45:56
"news,600596,853142707.html",你越跌，我越买，有的是子弹，每月买两万块,728,1,2019-07-10 09:43:27
"news,600596,853139708.html",乖乖拉升吧，不然买光你们的廉价筹码！,553,0,2019-07-10 09:40:07
"news,600596,853139472.html",多家硅酮胶企业发布涨价函，新一波涨价模式开启,3749,5,2019-07-10 09:39:47
"news,600596,853137503.html",股票没有好坏之分，同一概念的股票兴发集团，都是草甘,935,1,2019-07-10 09:37:39
"news,600596,853136006.html",收上去形成周K线长下影线[鼓掌],513,0,2019-07-10 09:35:42
"news,600596,853113242.html",股市本来就是庄家玩散户,756,1,2019-07-10 08:52:45
"news,600596,853112888.html",听说大盘今天会涨，是不是要买点?,589,0,2019-07-10 08:51:50
"news,600596,853102454.html",增长与下降的比较,1522,1,2019-07-10 08:24:42
"news,600596,853096135.html",技术分析 | 新安股份 600596,4438,2,2019-07-10 08:07:05
"news,cjpl,853091349.html",新安股份：融资净偿还1706.31万元，融资余额9.27亿元,889,0,2019-07-10 07:53:06
"news,600596,853086218.html",新安股份(600596)融资融券信息(07-09),1522,1,2019-07-10 07:40:26
"news,600596,853068473.html",问两个哲学问题： 1、是什么让散户相信，十几年前2900,1814,1,2019-07-10 06:48:48
"news,600596,852954063.html",这里都是 输家,1114,0,2019-07-10 00:37:39
"news,600596,852940968.html",多看看股东结构,974,1,2019-07-09 23:58:03
"news,600596,852916166.html",股吧冷冷清清，庄托们放假！,663,0,2019-07-09 22:48:51
"news,600596,852870193.html",估计明年就是新安大牛发力期,1344,1,2019-07-09 20:49:09
"news,600596,852867737.html",去年最高18.97，今天是9.97，就算继续跌，9块了不得了,871,0,2019-07-09 20:42:33
"news,600596,852837508.html",去年新安有15亿利润，今年乘下70亿市值，营业额比去年,1314,0,2019-07-09 19:22:20
"news,600596,852822920.html",有看多的绝对还会跌，等跌的大家没了脾气不说话了绝望,930,1,2019-07-09 18:47:27
"news,600596,852799297.html",兄弟们快跑,747,0,2019-07-09 17:45:19
"news,600596,852782020.html",“虫口夺粮”，新安股份研发出草地贪夜蛾性诱芯产品,2236,2,2019-07-09 17:02:52
"news,600596,852781469.html",开工了(二）,1703,5,2019-07-09 17:01:38
"news,600596,852753309.html",新安股份07月09日资金揭秘,1113,0,2019-07-09 16:05:50
"news,600596,852733436.html",中国股市就是，一涨，全部都是利好，[鼓掌]一跌全部都,1135,0,2019-07-09 15:23:24
"news,600596,852720972.html",大哥，我终于信了，每次买你都被套是真的[傲],744,0,2019-07-09 14:59:33
"news,600596,852708639.html",赌对了行业没赌对个股@兴发和这货二选一，总选错,881,0,2019-07-09 14:43:14
"news,600596,852707796.html",1.5万？？？,996,1,2019-07-09 14:42:05
"news,600596,852702778.html",新安最致命是 没有散户，没有小散来抢筹,923,2,2019-07-09 14:35:32
"news,600596,852686645.html",10日？？,1389,3,2019-07-09 14:14:38
"news,600596,852680397.html",看这走势可能被兴发集团收购，一把好牌打的稀烂,898,0,2019-07-09 14:06:08
"news,600596,852655210.html",16多的本，谁有我的高？,1204,4,2019-07-09 13:30:10
"news,600596,852648295.html",就该这样，继续[鼓掌],672,0,2019-07-09 13:19:57
"news,600596,852642974.html",今天大爷我，卖了2块烂铁。买入1手新安坐等发财咯！,739,1,2019-07-09 13:11:47
"news,600596,852621837.html",跌起来一泻千里，涨起来乌龟走路，这样钱都被你套光了,782,0,2019-07-09 12:24:08
"news,600596,852611267.html",准备跌停板挂篮子500万股，准备。。。。。,707,0,2019-07-09 11:58:34
"news,600596,852603197.html",都走吧，散户太多庄不会进来，你们走了才能涨,627,0,2019-07-09 11:41:20
"news,600596,852589202.html",强烈要求公司回购股票,841,0,2019-07-09 11:21:09
"news,600596,852585471.html",牛逼了,563,0,2019-07-09 11:16:46
"news,600596,852578773.html",业绩好了就nima激励管理层，业绩差了不见你们增持稳股,974,3,2019-07-09 11:08:26
"news,600596,852573425.html",融资盘还有9.5亿，不跌还等什么？一共才六十多亿流通,1557,6,2019-07-09 11:02:09
"news,600596,852572600.html",兵败如山倒 没有挽留余地 撤,832,2,2019-07-09 11:01:09
"news,600596,852558267.html",我已经亏了40%，有亏的比我多的吗,2277,13,2019-07-09 10:43:19
"news,600596,852555076.html",兄弟，大单压住，我过两天来抢筹,618,0,2019-07-09 10:39:01
"news,600596,852553814.html",10股送0.25，比一般的公司略微送的高了一点，还不错。,757,0,2019-07-09 10:37:38
"news,600596,852552629.html",9.8加仓,1034,1,2019-07-09 10:36:09
"news,600596,852551234.html",速速逃,511,0,2019-07-09 10:34:17
"news,600596,852546109.html",割掉了9.84，好了,671,1,2019-07-09 10:28:08
"news,600596,852545479.html",了，好嗨呦！,546,0,2019-07-09 10:27:17
"news,600596,852543265.html",从买了心安，心里从来没安过，去它大爷的，都是骗子。,637,1,2019-07-09 10:24:39
"news,600596,852540418.html", 内幕消息，内幕消息，快来看  ,907,2,2019-07-09 10:21:27
"news,600596,852540031.html",朋友们赶紧买呀！这么低的价钱,695,1,2019-07-09 10:20:58
"news,600596,852537136.html",你大爷的赶紧抛,482,0,2019-07-09 10:17:38
"news,600596,852530266.html",早前的大宗交易折价大了，回到9元附近是理所当然的,613,0,2019-07-09 10:09:45
"news,600596,852527169.html",业绩一直好股价一直跌，现在终于不好了，磕好了,720,2,2019-07-09 10:06:16
"news,600596,852524329.html",这是故意打压吧,643,0,2019-07-09 10:02:58
"news,600596,852523421.html",你奶奶的，不跟长，跌起来比谁都快，想干嘛[加油]。,500,0,2019-07-09 10:01:55
"news,600596,852521771.html",大单在不停的卖,522,0,2019-07-09 10:00:02
"news,600596,852519919.html",这垃圾让人亏的吐血,495,0,2019-07-09 09:57:55
"news,600596,852519737.html",他大爷的，死扛到底，,458,0,2019-07-09 09:57:36
"news,600596,852519011.html",中报预亏，翡翠雷要爆,574,0,2019-07-09 09:56:52
"news,600596,852518530.html",糊涂的管理层，去年每股业绩那么高，今年下降那么快，,678,0,2019-07-09 09:56:18
"news,600596,852516733.html",新安没安好心,462,0,2019-07-09 09:54:19
"news,600596,852515383.html",呵呵,465,0,2019-07-09 09:52:49
"news,600596,852515167.html",让机构们狗咬狗吧。,524,0,2019-07-09 09:52:38
"news,600596,852514868.html",跑路了，,487,0,2019-07-09 09:52:20
"news,600596,852514579.html",这走势?主力知道中报要大变脸了?,549,0,2019-07-09 09:52:01
"news,600596,852514371.html",废了废了，这是真的要废了,498,0,2019-07-09 09:51:47
"news,600596,852514323.html",那位大师说说可以进了不,557,0,2019-07-09 09:51:45
"news,600596,852513732.html",老子走了，亏12[哭]%,554,0,2019-07-09 09:51:15
"news,600596,852508772.html",破位下行，没有一点往上的迹象啊,577,0,2019-07-09 09:46:15
"news,600596,852507893.html",看这情况估计要到8.5一线,550,0,2019-07-09 09:45:23
"news,600596,852496809.html",在来10个点看看,493,0,2019-07-09 09:32:56
"news,600596,852495737.html",一切的利空打压都是为了吸筹，tnnd这个价格再逼我卖，,864,1,2019-07-09 09:31:20
"news,600596,852478937.html",放大利空没安好心,877,1,2019-07-09 09:01:02
"news,600596,852477031.html", 慢牛进行中，一板块或将崛起！  ,736,0,2019-07-09 08:56:16
"news,600596,852455343.html",新安股份07月08日获沪股通减仓97.74万股,948,0,2019-07-09 08:02:31
"news,cjpl,852450944.html",新安股份：融资净买入1411.78万元，融资余额9.44亿元,1004,0,2019-07-09 07:50:13
"news,600596,852448259.html",新安股份(600596)融资融券信息(07-08),1761,0,2019-07-09 07:43:35
"news,600596,852437146.html",有机硅价格与去年同期相比是否降低了百分之六、七十？,1618,2,2019-07-09 07:13:16
"news,600596,852426289.html",今天到9.元了吧,919,0,2019-07-09 06:40:55
"news,600596,852425058.html",中报业绩明显是增长,1009,1,2019-07-09 06:37:07
"news,600596,852422710.html", 这里只要量不要缩太厉害，短期依然可期待  ,611,0,2019-07-09 06:30:00
"news,600596,852400386.html",融资盘算没挣钱，主力给力。,1109,0,2019-07-09 05:19:56
"news,600596,852358126.html", 明天创新高  ,1550,0,2019-07-09 03:03:13
"news,600596,852272301.html",连续暴跌来临,812,1,2019-07-08 22:45:15
"news,600596,852268546.html",抄底，不要再望着天空 [大笑][大笑][大笑][大笑],608,0,2019-07-08 22:35:57
"news,600596,852260910.html",此股完蛋，大家快跑！,562,0,2019-07-08 22:16:49
"news,600596,852258992.html",8元多见,608,0,2019-07-08 22:12:04
"news,600596,852256550.html",今日大盘主舵为哪般？,708,0,2019-07-08 22:06:01
"news,600596,852254464.html",7.2的贴子，希望让更多的人看到！,860,0,2019-07-08 22:00:58
"news,600596,852249336.html",分享一下！,679,0,2019-07-08 21:48:24
"news,600596,852242998.html",哈哈，都怕了吗？[大笑][大笑],992,1,2019-07-08 21:33:22
"news,600596,852232516.html",开工了,1377,5,2019-07-08 21:07:34
"news,600596,852224536.html",9.1应该会有反弹,581,0,2019-07-08 20:47:44
"news,600596,852206689.html",有人抄底吗？,708,0,2019-07-08 20:02:21
"news,600596,852202980.html",算上这根，下面还有百分之20[想一下],707,0,2019-07-08 19:52:47
"news,600596,852195674.html",说明前段时间大宗交易的价格是有原因的,783,0,2019-07-08 19:34:32
"news,600596,852177638.html",明天9.6以下割肉盘才出，所以小心接飞刀。,752,0,2019-07-08 18:47:04
"news,600596,852167443.html",傻了吧那几个大厦壁,684,0,2019-07-08 18:21:06
"news,600596,852153524.html",明天最低9.1收盘9.5,673,0,2019-07-08 17:45:57
"news,600596,852153248.html",明天9.6以上别买，埋单9.3之下等跳水。,833,0,2019-07-08 17:45:11
"news,600596,852126725.html",横盘被跌破，就老火了，而且今年农药会需求降低,925,0,2019-07-08 16:44:44
"news,600596,852126059.html",新安三季报将亏损,1378,3,2019-07-08 16:43:20
"news,600596,852123782.html",新安股份，等待 8元买入,684,0,2019-07-08 16:38:44
"news,600596,852122607.html",其实还不是底,538,0,2019-07-08 16:36:15
"news,600596,852115993.html",应收增长太快,618,0,2019-07-08 16:22:33
"news,600596,852115436.html",谁告诉我 多少是底？完全抄的不对啊！明天还会跌吗 会,923,2,2019-07-08 16:21:15
"news,600596,852095356.html",596有一条重要信息，原材料存量巨大(资金占用)，有股,1475,1,2019-07-08 15:38:44
"news,600596,852088856.html",月底4元见,696,1,2019-07-08 15:24:54
"news,600596,852088594.html",跌倒5元可以买点,535,0,2019-07-08 15:24:19
"news,600596,852087323.html",这已经不算吊打，是毒打，上极刑，这套应该几年内无解,788,1,2019-07-08 15:21:45
"news,600596,852084148.html",都打电话要求公司回购股票,837,1,2019-07-08 15:15:33
"news,600596,852083044.html",到7元也不是不可能,849,1,2019-07-08 15:13:30
"news,600596,852082456.html",这只股，比ST都不如,578,0,2019-07-08 15:12:27
"news,600596,852081874.html",今天跌的还满意吗？,1146,5,2019-07-08 15:11:29
"news,600596,852073475.html",金帆达出手买入新安，成中国最大草甘膦企业,1417,1,2019-07-08 14:58:21
"news,600596,852068837.html",这种恐怖的放量大阴线，对于新安需要吃一年[好困惑],1006,3,2019-07-08 14:52:29
"news,600596,852063628.html",以前就说过，这类股票业绩说垮就垮，防不胜防，大宗交,673,0,2019-07-08 14:45:27
"news,600596,852060993.html",真的希望你倒闭，我钱不要了,672,1,2019-07-08 14:41:59
"news,600596,852057336.html",往死里砸，机会来了,499,0,2019-07-08 14:36:58
"news,600596,852056919.html",今天进明天可做T了,1180,4,2019-07-08 14:36:24
"news,600596,852037257.html",横盘出货，就不让你做t买了就套上[大笑],518,0,2019-07-08 14:09:26
"news,600596,852036975.html",噩梦刚开始吗？,483,0,2019-07-08 14:09:01
"news,600596,852028852.html",横有多宽，后面半句有谁知道？,1384,6,2019-07-08 13:58:13
"news,600596,852024709.html",是不是有雷？上次股东的钱去买老婆的房子,550,0,2019-07-08 13:53:15
"news,600596,852024017.html",风萧萧兮易水寒 六月飘雪花沦落 孤舟一帆苦行酒 不知,811,1,2019-07-08 13:52:25
"news,600596,852021768.html",前几天融资买入多,569,0,2019-07-08 13:49:46
"news,600596,852019404.html",放量了,546,0,2019-07-08 13:46:47
"news,600596,852007162.html",而且来（抄底的）者不善（实力高手）啊！,647,0,2019-07-08 13:29:59
"news,600596,852005705.html",里面的机构应该想不到辛辛苦苦打压被别人捡了筹码吧？,1539,5,2019-07-08 13:27:54
"news,600596,851999573.html",今天10.05试买5000股。,685,1,2019-07-08 13:19:21
"news,600596,851994022.html",看看600083，高管出事对公司是利好,578,0,2019-07-08 13:11:23
"news,600596,851993913.html",该公司估值太高,579,0,2019-07-08 13:11:11
"news,600596,851992895.html",居然破10了，牛市来了吗？真吓人,504,0,2019-07-08 13:09:35
"news,600596,851983459.html",股票，现在真的得研究大股东的体，德，行！,537,0,2019-07-08 12:51:33
"news,600596,851980031.html",今天做出了方向选择啊，这股废掉了,514,0,2019-07-08 12:43:31
"news,600596,851974911.html",这就是投资价值股？,526,1,2019-07-08 12:31:44
"news,600596,851967418.html",散兵坑，散兵坑，散兵坑！,647,1,2019-07-08 12:14:21
"news,600596,851966207.html",终于等到你的散兵坑，开始分批买进！耶！,715,1,2019-07-08 12:11:29
"news,600596,851965185.html",终于等到你的散兵坑，开始分批买进！哦耶！,1381,6,2019-07-08 12:09:08
"news,600596,851957786.html",断头闸,406,0,2019-07-08 11:53:02
"news,600596,851951897.html",此股票从16.98的高点到现在的10.00元，跌了40%，而大,1001,1,2019-07-08 11:41:37
"news,600596,851950988.html",爽不爽呀呀呀接下来会更爽,559,0,2019-07-08 11:39:52
"news,600596,851949929.html",废了,372,0,2019-07-08 11:37:57
"news,600596,851949605.html",真不公平，垃圾股一堆亏钱的价格那么高，新安一直盈利,859,4,2019-07-08 11:37:24
"news,600596,851949502.html",欢迎新安再跌30%，要不不拉升,591,0,2019-07-08 11:37:11
"news,600596,851947485.html",10.01加仓就是干,667,1,2019-07-08 11:33:41
"news,600596,851944226.html",这个股大垃圾了，行情好，它散户进，大户出，价格不涨,459,0,2019-07-08 11:28:47
"news,600596,851939363.html",悲惨新安,531,0,2019-07-08 11:22:06
"news,600596,851939244.html",新安控股,665,0,2019-07-08 11:21:57
"news,600596,851937204.html",半年赚2亿比那些半年亏二亿的好N倍了吧，有理由跌这么,1116,2,2019-07-08 11:19:15
"news,600596,851928588.html",抗跌啊！下午大盘能拉一点就牛逼了 ,564,1,2019-07-08 11:08:41
"news,600596,851922985.html",快把廉价的筹码交出来,551,0,2019-07-08 11:02:28
"news,600596,851922723.html",老是看到你10.00以为跌停抄底了,412,0,2019-07-08 11:02:12
"news,600596,851913780.html",一地鸡毛，满地垃圾。,519,0,2019-07-08 10:54:25
"news,600596,851905138.html",别慌，可惜没子弹了，抄底正当时，毕竟是赢利，不是亏,478,0,2019-07-08 10:46:10
"news,600596,851902645.html",-8[亏大了][亏大了][亏大了],548,0,2019-07-08 10:43:40
"news,600596,851898592.html",什么世道，比严重亏损股都不如！,579,1,2019-07-08 10:39:23
"news,600596,851898539.html",这个P票把大盘都拉下来了[亏大了],560,2,2019-07-08 10:39:21
"news,600596,851889043.html",苍蝇不叮无缝的鸡蛋,982,1,2019-07-08 10:31:01
"news,600596,851887712.html",对比一下其它的上市公司，新安的业绩算是很好了，今天,683,2,2019-07-08 10:29:53
"news,600596,851887370.html",放量长阴 跳空缺口=主力表态,620,0,2019-07-08 10:29:29
"news,600596,851886244.html",跌停我等你,407,0,2019-07-08 10:28:29
"news,600596,851883743.html",有鸡硅价格暴涨！,545,0,2019-07-08 10:26:23
"news,600596,851879208.html",今天收盘10以下再上来就难了！！,565,0,2019-07-08 10:22:31
"news,600596,851872249.html",事实证明金主们商量好通过拉了一波茅台平安来拉伸指数,591,0,2019-07-08 10:15:48
"news,600596,851872088.html",黄磷被曝光，导致中间体偏紧，现在福华，新安，禾邦，,1903,0,2019-07-08 10:15:38
"news,600596,851870834.html",反应有点大，不过激励股权目前还是赚一半多，而且这些,553,0,2019-07-08 10:14:21
"news,600596,851869631.html",空狗些，80亿市值能够赚两亿的有几家,540,0,2019-07-08 10:13:12
"news,600596,851866854.html",怎么没跌停。妈的跌停那等你,547,1,2019-07-08 10:10:21
"news,600596,851866246.html",今天打压是为了明天雄起,469,0,2019-07-08 10:09:52
"news,600596,851865771.html",想再挑战一下别人的耐心吗？,473,0,2019-07-08 10:09:32
"news,600596,851865682.html",满上，明天出,498,1,2019-07-08 10:09:26
"news,600596,851864262.html",各位这不事新城控股，这是新安股份,700,2,2019-07-08 10:07:53
"news,600596,851860358.html",新安股份今天有分红吗,524,0,2019-07-08 10:04:34
"news,600596,851859854.html",10.00买进200股看看热闹,459,0,2019-07-08 10:04:06
"news,600596,851859015.html",马上关门清算了。,433,0,2019-07-08 10:03:29
"news,600596,851856430.html",晕死，我竟然还有个账户忘记卖出了，哎,457,0,2019-07-08 10:01:26
"news,600596,851854880.html",居然出现过跌停，悲催,462,0,2019-07-08 10:00:01
"news,600596,851853228.html",希望本周借新股多，能完成c浪回踩，打出低点，尽快开,483,0,2019-07-08 09:58:41
"news,600596,851850364.html",半年报业绩预告降50%以上。快跑啊。,609,1,2019-07-08 09:56:11
"news,600596,851850051.html",新安多虑了，半年报3毛多，10元多可以了,1535,6,2019-07-08 09:55:51
"news,600596,851849847.html",哈哈老子今天最低点附近满仓稳赚发财了蠢庄送钱来的,573,1,2019-07-08 09:55:40
"news,600596,851849137.html",9.85买了2000股,524,2,2019-07-08 09:54:59
"news,600596,851847783.html",9.88杀入了！,448,0,2019-07-08 09:53:34
"news,600596,851847444.html",集中释放利空[抄底],463,0,2019-07-08 09:53:13
"news,600596,851846207.html",挖坑,424,0,2019-07-08 09:52:00
"news,600596,851845696.html",炒底！炒底！快来，不然没机会啦！,443,0,2019-07-08 09:51:40
"news,600596,851846465.html",新安股份7月8日加速下跌,673,0,2019-07-08 09:51:28
"news,600596,851845666.html",破位下跌，新的趋势形成,382,0,2019-07-08 09:51:28
"news,600596,851844450.html",周五收盘之后的公告就是配合今早的砸盘，被套别恐慌。,610,1,2019-07-08 09:50:21
"news,600596,851842780.html",撑不住了。。。,792,1,2019-07-08 09:49:00
"news,600596,851842168.html",哈哈利空利空还是利空,583,1,2019-07-08 09:48:27
"news,600596,851841679.html",今天跌停，明天顺势至少还有5个点下跌，要买的等明天,591,0,2019-07-08 09:48:02
"news,600596,851840961.html",用得了这个反应，哈哈,508,0,2019-07-08 09:47:24
"news,600596,851839949.html",来猜猜几个版,573,1,2019-07-08 09:46:27
"news,600596,851839019.html",今天跌停跑不掉了。。,446,0,2019-07-08 09:45:31
"news,600596,851838285.html",没有庄家的股票就是这样，发生踩踏,436,0,2019-07-08 09:44:47
"news,600596,851837454.html",破整理平台，套人大战开始,441,0,2019-07-08 09:44:00
"news,600596,851837388.html",这公司倒闭了吧,518,0,2019-07-08 09:43:56
"news,600596,851837354.html",难道又有什么大雷,436,0,2019-07-08 09:43:55
"news,600596,851837196.html",股市到2900点，就已经跌的那么狠了，心累啊亏了好多钱,431,0,2019-07-08 09:43:45
"news,600596,851836676.html",新安三季度将亏损,824,0,2019-07-08 09:43:14
"news,600596,851834276.html",好纠结呀！到底现在该不该买！[大笑][大笑][大笑],601,1,2019-07-08 09:41:03
"news,600596,851834294.html",新安股份7月8日盘中跌幅达5%,661,0,2019-07-08 09:40:51
"news,600596,851828786.html",垃圾垃圾[兴奋][兴奋],486,0,2019-07-08 09:35:37
"news,600596,851823919.html",怎么不倒闭哦？,440,0,2019-07-08 09:29:38
"news,600596,851820085.html",今年股市雷太多！,743,2,2019-07-08 09:23:53
"news,600596,851818857.html",10.45接回来,1116,6,2019-07-08 09:21:48
"news,600596,851818332.html",有必要吗？,454,0,2019-07-08 09:20:54
"news,600596,851796029.html",4毛的业绩挺好啦！跌这样以为要亏损呢，吓跑了半仓[大,1695,1,2019-07-08 08:27:34
"news,cjpl,851768965.html",新安股份：融资净偿还121.15万元，融资余额9.3亿元（0,968,0,2019-07-08 07:07:52
"news,600596,851748628.html",靴子落地？,993,0,2019-07-08 06:04:32
"news,600596,851626686.html",关于600596的几点想法,2201,1,2019-07-07 23:24:38
"news,600596,851521430.html",明天大逃亡,1650,3,2019-07-07 18:08:49
"news,600596,851516932.html",利空，已经调整到位。,1298,1,2019-07-07 17:55:26
"news,600596,851498413.html",去年盈利特别大，尤其中报，所以只是回归正常。,998,0,2019-07-07 16:59:21
"news,600596,851483640.html",各种雷，地雷，水雷，各种爆，下周起连续跌停板。散户,1003,2,2019-07-07 16:15:17
"news,600596,851393696.html",此股达到9元以下，今天老子立此贴为证。,1047,1,2019-07-07 11:37:53
"news,600596,851366716.html",雷打不动，必跌,1262,0,2019-07-07 10:15:39
"news,600596,851348397.html",中报业绩预告出来，新安明天低开几个点，朋友们说说你,2409,4,2019-07-07 09:19:33
"news,cfhpl,851257116.html",长线法宝  股市倍增术,6261,0,2019-07-07 04:24:05
"news,600596,851150373.html",10元以下是一定要去的！！,2201,2,2019-07-06 22:35:56
"news,600596,851109781.html",新安半年报是个大雷,2016,4,2019-07-06 20:31:51
"news,600596,851090434.html",三个跌停不在话下。十个跌停不可能。那就来五个跌停吧,1709,5,2019-07-06 19:33:18
"news,600596,851063966.html",半年盈利2.5-2.8亿，怕个毛,1159,0,2019-07-06 18:12:23
"news,600596,851042991.html",估值偏低,1283,0,2019-07-06 17:08:18
"news,600596,850859932.html",新安股份07月05日获沪股通加仓3.48万股,1484,0,2019-07-06 08:02:23
"news,600596,850856026.html",新安股份(600596)融资融券信息(07-05),1487,0,2019-07-06 07:51:33
"news,600596,850837365.html",下周一这样走,3134,3,2019-07-06 06:55:30
"news,600596,850682624.html",回归7-8元才是正常走势，看样子下半年业绩还得降！周,1601,1,2019-07-05 22:47:29
"news,600596,850658623.html",中报业绩比预期中好 ，周一涨停,1962,2,2019-07-05 21:46:54
"news,600596,850640742.html",懂的人看环比、连续两个季度上涨,4262,16,2019-07-05 21:02:22
"news,600596,850636514.html",新安业绩下滑，是周期股的特征，早已反映在近期股价中,4008,1,2019-07-05 20:51:57
"news,600596,850600594.html",股价在低位，利润可调节，配合打压吸筹，过一段时间再,1524,1,2019-07-05 19:14:13
"news,600596,850592962.html",股价在低位出利空，怕什么，而且是盈利的又没有亏损，,2004,2,2019-07-05 18:54:05
"news,600596,850588525.html",新安，全亚洲最大农药厂，上半年农药大涨价，请问农药,1999,3,2019-07-05 18:41:50
"news,600596,850579076.html",新安股份上半年净利预降60%-65% 因有机硅价格下跌,6489,18,2019-07-05 18:16:44
"news,600596,850561528.html",有机硅价格大幅下滑 新安股份2019年上半年净利润预减6,4968,7,2019-07-05 17:32:02
"news,600596,850552750.html",新安股份：预计上半年净利同比下降60%至65%,1911,0,2019-07-05 17:11:04
"news,600596,850579868.html",新安股份预计上半年净利润2.50亿元至2.80亿元 同比下,1968,1,2019-07-05 16:53:08
"news,600596,850540859.html",600596:新安股份2019年半年度业绩预告,17238,24,2019-07-05 16:45:04
"news,600596,850540872.html",600596:新安股份关于诉讼事项后续进展情况的公告,7490,1,2019-07-05 16:45:03
"news,600596,850468778.html",这么不要脸的公司，会报应的！,948,0,2019-07-05 14:34:11
"news,600596,850463132.html",老牛氓又歇着了,794,0,2019-07-05 14:27:28
"news,600596,850448080.html",压盘的垃圾，他妈的,809,0,
"news,600596,850443208.html",上班儿了，这是,988,1,2019-07-05 14:02:46
"news,600596,850441311.html",丢人不[加油],699,0,2019-07-05 14:00:23
"news,600596,850435664.html",选择你就是个错误，都是圈钱的垃圾公司,714,0,2019-07-05 13:53:11
"news,600596,850431865.html",冲啊。卖一砸掉,707,0,2019-07-05 13:48:31
"news,600596,850427695.html",这股真稳定,600,0,2019-07-05 13:43:01
"news,600596,850417349.html",这是真正的垃圾股,589,0,2019-07-05 13:29:00
"news,600596,850408806.html",量好小，流动性太差,600,0,2019-07-05 13:16:38
"news,600596,850405238.html",主力通过大宗交易收集低价筹码，现在横着走还是吸筹，,760,0,2019-07-05 13:11:13
"news,600596,850393482.html",二季度业绩大幅下滑？,1313,3,2019-07-05 12:46:25
"news,600596,850325661.html",一年内股东户数增加了40%多，这样的股票大家都知道会,880,0,2019-07-05 10:44:47
"news,600596,850325477.html",沧州大化涨停了[大笑],1003,1,2019-07-05 10:44:30
"news,600596,850320143.html",早割肉就好了，第一次买到那么垃圾的股,612,0,2019-07-05 10:38:12
"news,600596,850288971.html",化工股动起来了，你别动,661,0,2019-07-05 10:02:57
"news,600596,850284007.html",草甘膦和无人机在农业领域以及垃圾焚烧领域有突破了没,747,0,2019-07-05 09:57:50
"news,600596,850282625.html",跌倒8块才合理,533,0,2019-07-05 09:56:26
"news,600596,850261283.html",狗笔带锁牌草甘膦，新安股份出品,657,0,2019-07-05 09:34:06
"news,600596,850246286.html",传闻：中报10送4！,897,0,2019-07-05 09:10:05
"news,600596,850219232.html",新安股份07月04日获沪股通减仓5.09万股,886,0,2019-07-05 08:02:21
"news,cjpl,850214506.html",新安股份：连续4日融资净买入累计2002.74万元（07-04,943,0,2019-07-05 07:50:05
"news,600596,850211961.html",新安股份(600596)融资融券信息(07-04),1161,0,2019-07-05 07:42:53
"news,600596,850082357.html",比去年有大幅度下滑，我总怀疑他有雷,1054,0,2019-07-05 00:44:54
"news,600596,849998063.html",这傻子怎么红了？,1012,2,2019-07-04 20:55:44
"news,600596,849882483.html",有本事跌破10元我就投降,1005,1,2019-07-04 16:07:38
"news,600596,849881633.html",新安股份07月04日资金揭秘,1237,1,
"news,600596,849848756.html",老牛氓居然站上了5均,1148,1,2019-07-04 14:59:29
"news,600596,849842150.html",尾盘拉，又要出货？,1137,1,2019-07-04 14:50:55
"news,600596,849840920.html",今天这电梯有点颠簸,796,0,2019-07-04 14:49:19
"news,600596,849827689.html",套着吧，懒得动了,674,0,2019-07-04 14:33:36
"news,600596,849794660.html",看了一下股东人数，吓了一跳，这垃圾1年内股东增加了3,1343,0,2019-07-04 13:52:54
"news,600596,849774669.html",10.89 ，2963手？？什么情况？,1397,4,2019-07-04 13:24:31
"news,600596,849772434.html",草甘膦又要开始爆发了吗?,1029,0,2019-07-04 13:21:07
"news,600596,849770943.html",散户太多，都在装死，很难拉升,1261,4,2019-07-04 13:18:51
"news,600596,849695764.html",估计会向下突破。横盘太久了,1558,4,2019-07-04 11:01:33
"news,600596,849687725.html",最大的特点：1.抗跌 2.坑爹,963,1,2019-07-04 10:52:51
"news,600596,849682450.html",这是什么垃圾,793,0,2019-07-04 10:47:11
"news,600596,849646586.html",垃圾一个，谁买谁亏,801,0,2019-07-04 10:06:40
"news,cjpl,849569675.html",新安股份：连续3日融资净买入累计1206.09万元（07-03,1259,0,2019-07-04 07:53:46
"news,600596,849565283.html",新安股份(600596)融资融券信息(07-03),1246,0,2019-07-04 07:42:12
"news,600596,849224692.html",新安股份07月03日资金揭秘,1416,0,2019-07-03 16:05:41
"news,600596,849170801.html",对，砸砸,930,0,2019-07-03 14:33:45
"news,600596,849149969.html",新安还挺抗跌的，这平台支撑力可以的,1747,3,2019-07-03 14:07:15
"news,600596,849142447.html",妈的，涨的比大盘少，跌的比大盘多，垃圾,895,0,2019-07-03 13:57:16
"news,600596,849123238.html",危险了,892,0,2019-07-03 13:32:07
"news,600596,849121501.html",上面有两千首卖出。昨天干嘛去了？,913,0,2019-07-03 13:29:51
"news,600596,849100876.html",为什么大宗交易这么多,1048,0,2019-07-03 12:56:49
"news,600596,849058338.html",再跌，跌破10块,945,0,2019-07-03 11:24:24
"news,600596,849058285.html",新安股份创始人的股份太少,1000,0,2019-07-03 11:24:19
"news,600596,849046239.html",老牛氓,964,1,2019-07-03 11:08:03
"news,600596,849026377.html",没有庄家的股票就是这个怂样，涨的时候涨不起来，跌的,883,0,2019-07-03 10:42:26
"news,600596,849019870.html",个龟儿子,748,0,2019-07-03 10:34:39
"news,600596,849018577.html",没人气的,799,0,2019-07-03 10:33:02
"news,600596,849018009.html",涨幅不大，跌的时候到很猛,812,0,2019-07-03 10:32:22
"news,600596,848977557.html",垃圾，今天补跌,779,0,2019-07-03 09:48:11
"news,600596,848968088.html",小短腿下坡跑的快,879,0,2019-07-03 09:38:00
"news,600596,848923344.html",新安股份07月02日获沪股通加仓34.18万股,1314,0,2019-07-03 08:02:12
"news,cjpl,848923103.html",新安股份：融资净买入183.31万元，融资余额9.23亿元（,1022,0,2019-07-03 08:00:04
"news,600596,848653647.html",新安不要怂！姐有三成仓顶你 每次姐来干你，都会满载,1774,4,2019-07-02 19:11:18
"news,600596,848615604.html",垃圾股，还得跌,751,0,2019-07-02 17:45:41
"news,600596,848574003.html",甩一巴掌，给你一颗糖，明天甩两巴掌，然后吊打，哈哈,965,0,2019-07-02 16:11:47
"news,600596,848571172.html",新安股份07月02日资金揭秘,1137,0,2019-07-02 16:05:56
"news,600596,848523927.html",眼瞎了,871,0,2019-07-02 14:39:39
"news,600596,848515849.html",有个股友调侃到：“纵横股市二十年，所剩的子弹不多了,3536,7,2019-07-02 14:29:49
"news,600596,848515244.html",又给萎了,808,0,2019-07-02 14:29:04
"news,600596,848428946.html",这个大盘要是一下子砸下来要套死多少韭菜，看这几天的,3294,5,2019-07-02 14:07:56
"news,600596,848420827.html",甲胺磷让庄家自己喝完了吗要死不活的整天,948,1,2019-07-02 13:58:27
"news,qa,848405793.html",平煤股份：建议继续持股，趋势向好，低价，运行较平稳,130,1,2019-07-02 13:46:02
"news,600596,848384987.html",可以，又把你爹骗进来,854,0,2019-07-02 13:21:03
"news,600596,848353724.html",这个猪力外号阳痿哥，老婆都不跟他了,800,0,2019-07-02 13:09:39
"news,600596,848241391.html",有机硅市场紧缺价格暴涨！,1778,1,2019-07-02 11:22:44
"news,600596,848227353.html",这垃圾，把昨天进的一点点今天拉高又出了，又挨套了一,868,0,2019-07-02 11:04:17
"news,600596,848227143.html",有了新安后，嗨，我的身体好多了，晚上睡不着、白天不,2038,3,2019-07-02 11:03:56
"news,600596,848225261.html",这货是咋了？？！别的都大涨，它怎么无动于衷呀，没救,870,0,2019-07-02 11:01:37
"news,600596,848220236.html",海翔多牛,935,1,2019-07-02 10:55:14
"news,600596,848211490.html",自从买了新安，我就再没心安过！,961,1,2019-07-02 10:43:38
"news,600596,848209807.html",每天努力的吊着半条命也是为难你啦,920,1,2019-07-02 10:41:22
"news,600596,848205853.html",落后40个点,848,1,2019-07-02 10:36:28
"news,600596,848200412.html",犹豫的快进场，最少到15[俏皮],982,0,2019-07-02 10:29:20
"news,600596,848195201.html",已经准备好，起飞了[鼓掌][赞],641,0,2019-07-02 10:22:38
"news,600596,848176936.html", 昨天割肉了今天居然没有大跌贱啊套了我几个月了垃圾,850,1,2019-07-02 10:02:10
"news,600596,848175372.html",想跟上历史发展脚步，得快马加鞭将市值做到一百亿以上,691,0,2019-07-02 10:00:23
"news,600596,848168907.html",化工精选:海翔新安龙盛三牛三倍！化工精选:海翔新安龙,1668,2,2019-07-02 09:53:32
"news,600596,848168710.html",最后下跌都是空头陷阱！拿好筹码！！,1106,1,2019-07-02 09:53:19
"news,600596,848167650.html",35万吨有机硅每吨涨6千，增利20多亿！十多万吨草甘磷,2603,8,2019-07-02 09:52:17
"news,600596,848159960.html",低吸好机会！下午板上天！,940,1,2019-07-02 09:44:07
"news,600596,848152978.html",快把手中筹码交出来,605,0,2019-07-02 09:36:17
"news,600596,848152098.html",买买买越跌越买,720,1,2019-07-02 09:35:18
"news,qa,848105620.html",600596目前在平台区域10.3-11.44区域震荡，操作上就是,107,0,2019-07-02 07:51:06
"news,cjpl,848105918.html",新安股份：融资净买入956.47万元，融资余额9.21亿元（,1035,0,2019-07-02 07:51:05
"news,600596,848102293.html",新安股份(600596)融资融券信息(07-01),1641,0,2019-07-02 07:41:59
"news,qa,848096593.html",600596新安股份，目前还不是热点，股价下跌没有空间，,3,0,2019-07-02 07:26:31
"news,qa,848078524.html",596业绩下滑至弱势横盘，降低持股预期，按技反操作，,22,0,2019-07-02 06:31:30
ask.eastmoney.comdetail.html?qid=303546945360236544,请问老师：600596新安股份、601666平煤股份后期怎样操作？,2553,46,
"news,600596,848044962.html",这货我亏了不少,1446,1,2019-07-02 04:44:24
"news,600596,847843256.html",太像了,1910,3,2019-07-01 19:14:48
"news,600596,847802430.html",这么多唱多的，完了，还得跌回去,822,0,2019-07-01 17:28:16
"news,600596,847802175.html",明天又得跌回去，垃圾股,908,0,2019-07-01 17:27:30
"news,600596,847766211.html",新安股份07月01日资金揭秘,1196,0,2019-07-01 16:04:51
"news,600596,847714549.html",大宗交易那伙人不让涨,921,0,2019-07-01 14:34:41
"news,600596,847713584.html",卖卖卖 主力在悄悄卖货赶紧跑 明天有跌,859,0,2019-07-01 14:33:28
"news,600596,847712724.html",解禁不少趁着大涨赶紧跑 明天有砸盘,857,0,2019-07-01 14:32:20
"news,600596,847700367.html",小短腿你怎么猥琐 龌蹉的折腾，我都不割肉，也不补仓,997,1,2019-07-01 14:17:45
"news,600596,847698549.html",这股没戏,708,0,2019-07-01 14:15:27
"news,600596,847694099.html",一分钱玩一天吗请问？上不上去的,769,0,2019-07-01 14:10:00
"news,600596,847665859.html",加油，涨板,773,0,2019-07-01 13:32:54
"news,600596,847657503.html",问问新安草甘膦出口美国没？,981,0,2019-07-01 13:21:22
"news,600596,847652935.html",神奇扫货午后有喜！环保智能农业一步升天！,891,0,2019-07-01 13:14:55
"news,600596,847651730.html",板上20迷倒一片！,948,2,2019-07-01 13:13:04
"news,600596,847650181.html",此时拉升幻想无限！,778,1,2019-07-01 13:10:48
"news,600596,847646165.html",该走了,758,0,2019-07-01 13:04:18
"news,600596,847622820.html",垃圾中的大垃圾,862,0,2019-07-01 12:06:48
"news,600596,847610001.html",11.02元成功出逃了。 你呢？,1403,5,2019-07-01 11:37:55
"news,600596,847600205.html",年纯利润十个亿的公司，市直才70个亿。小短腿你能长点,1156,1,2019-07-01 11:22:49
"news,600596,847596130.html",派出全部采购员，快!有鸡硅一票难求市场涨疯了！,2313,4,2019-07-01 11:17:24
"news,600596,847595488.html",11.02求涨停[牛],613,0,2019-07-01 11:16:32
"news,600596,847594801.html",现在放量突破11元了，买，买，买！,1015,2,2019-07-01 11:15:40
"news,600596,847592943.html",跟了,699,0,2019-07-01 11:13:22
"news,600596,847581217.html",控盘精准,927,0,2019-07-01 10:58:28
"news,600596,847579495.html",卧槽尼玛的，死垃圾！,581,0,2019-07-01 10:56:27
"news,600596,847556465.html",cnm这货完全是浪费大好行情啊这个死妖,560,0,2019-07-01 10:28:04
"news,600596,847546101.html",这货不跌，天理难容啊,538,0,2019-07-01 10:16:29
"news,600596,847540899.html",贱货,511,0,2019-07-01 10:10:38
"news,600596,847535307.html",连大盘都涨不过，上去点点就有人抛,575,0,2019-07-01 10:04:20
"news,600596,847508065.html",这波虽然吃点肉，但是完全被你拖累，简直是狗肉,584,0,2019-07-01 09:34:49
"news,600596,847501864.html",猥琐的小短腿,516,0,2019-07-01 09:26:52
"news,cjpl,847448179.html",新安股份：连续3日融资净偿还累计2101.43万元（06-28,867,0,2019-07-01 07:06:51
"news,600596,847212029.html",新安冬眠不觉晓，现已盛夏要醒了。天时地利人要和，大,1348,0,2019-06-30 18:37:56
"news,600596,847186708.html",周一大象起飞 势不可挡！,1211,1,2019-06-30 17:20:26
"news,600596,846538723.html",新安股份(600596)融资融券信息(06-28),1708,0,2019-06-29 07:40:46
"news,600596,846254376.html",这价格解禁的不会抛的！半年报有所下滑是因为一季度的,3033,1,2019-06-28 17:36:09
"news,600596,846215270.html",新安股份06月28日资金揭秘,1470,0,2019-06-28 16:08:11
"news,600596,846176667.html",死鱼一条,1071,0,2019-06-28 14:51:58
"news,600596,846175943.html",主力尾盘扫货农林种养智能化！新安股份无人机耕作前途,1568,1,2019-06-28 14:50:58
"news,600596,846155784.html",耐心等待吧[俏皮],1119,0,2019-06-28 14:25:26
"news,600596,846141945.html",快准备亿元扫货！农业服务股有前途！,1223,1,2019-06-28 14:08:31
"news,600596,846138857.html",收盘价11.72,1338,1,2019-06-28 14:04:19
"news,600596,846137770.html",农业服务无人机！新安学习日本农业机械化！,1215,0,2019-06-28 14:02:57
"news,600596,846136934.html",拉起来！下周三板！,866,0,2019-06-28 14:01:54
"news,600596,846127894.html",走走停停，又走回到原地 ，功夫了得。,1275,0,2019-06-28 13:50:11
"news,600596,846124131.html",这么多喊多的，看样子要开始跌了，主力就是吸引接盘侠,1184,2,2019-06-28 13:45:09
"news,600596,846119603.html",满仓进！,1294,1,2019-06-28 13:38:47
"news,600596,846119001.html",不发火箭吗,1015,0,2019-06-28 13:37:57
"news,600596,846103630.html",预感下午新安股份发力涨停！,1094,3,2019-06-28 13:15:58
"news,600596,846061928.html",怕什么大解禁，比大盘还强一点点啊。 下跌也不到一毛,1220,0,2019-06-28 11:43:16
"news,600596,846037686.html",继续加10000股 ,1081,0,2019-06-28 11:08:33
"news,600596,846035006.html",真有实力，居然不动,1086,0,2019-06-28 11:05:51
"news,600596,846023467.html",继续加仓10000股 目前2.5成仓位,1105,1,2019-06-28 10:53:56
"news,600596,846015930.html",钝刀子疼啊,973,0,2019-06-28 10:46:06
"news,600596,846013490.html",垃圾中的大垃圾,695,0,2019-06-28 10:43:42
"news,600596,846011785.html",想什么呢？只跟跌不跟长[大笑],557,0,2019-06-28 10:42:11
"news,600596,846010888.html",几百万解禁搞完还要调整一个月,598,1,2019-06-28 10:41:21
"news,600596,846000815.html",差不多了，醒醒吧[俏皮],554,0,2019-06-28 10:30:55
"news,600596,845992610.html",新安股份(600596)融资融券信息(06-27),1304,0,2019-06-28 10:22:16
"news,600596,845958792.html",郝机婆,546,0,2019-06-28 09:47:36
"news,600596,845942732.html",小短腿掉粪坑里了,546,0,2019-06-28 09:29:31
"news,600596,845941326.html",垃圾垃圾 ,535,0,2019-06-28 09:27:29
"news,cjpl,845901756.html",新安股份：融资净偿还973.1万元，融资余额9.19亿元（0,917,0,2019-06-28 07:54:26
"news,600596,845783945.html",股 近期医药政策持续落地，深化三医联动，助推医药健,1739,0,2019-06-28 01:39:00
"news,600596,845724236.html",明天解禁怎么办,1233,1,2019-06-27 22:43:49
"news,600596,845642215.html",新安股份06月27日发生1笔大宗交易价格9.78元 折价9.61,3447,4,2019-06-27 19:13:10
"news,600596,845599175.html",浪费行情,774,0,2019-06-27 17:25:25
"news,600596,845564245.html",新安股份06月27日资金揭秘,1119,0,2019-06-27 16:06:30
"news,600596,845563623.html",在做起飞前的准备，没有感觉到吗？,1613,2,2019-06-27 16:05:13
"news,600596,845560077.html",哈哈哈哈好彩全仓兴发集团现己停牌，等待收钱[大笑][,1122,0,2019-06-27 15:57:23
"news,600596,845534726.html",还好！早盘半仓龙盛半仓新安！,817,0,2019-06-27 15:04:50
"news,600596,845533525.html",就问你们服不服,1250,3,2019-06-27 15:03:04
"news,600596,845527076.html",垃圾中的大垃圾，没有之一,719,0,2019-06-27 14:54:18
"news,600596,845518700.html",弱，30分钟底背驰走成了30分钟顶背驰,826,0,2019-06-27 14:44:06
"news,600596,845507473.html",也玩这些小盘股的伎俩，丢人,974,0,2019-06-27 14:30:52
"news,600596,845503269.html",这股死了，无量，而且不活跃,738,0,2019-06-27 14:25:36
"news,600596,845500328.html",马上两点半了？,745,0,2019-06-27 14:22:04
"news,600596,845489378.html",拖单撤来撤去？几个意思？求大神解答,1170,1,2019-06-27 14:08:18
"news,600596,845487314.html",软塌塌猴年马月才能爆发一下,984,3,2019-06-27 14:05:59
"news,600596,845487290.html",托单不就是砸的吗,734,0,2019-06-27 14:05:55
"news,600596,845487245.html",化工股起涨了，醒醒,809,0,2019-06-27 14:05:54
"news,600596,845483402.html",这个怂货到底是怎么了,714,0,2019-06-27 14:00:59
"news,600596,845474321.html",尾盘不涨 再加20000股。仓位到二成！,684,0,2019-06-27 13:49:36
"news,600596,845462760.html",时空,1873,15,2019-06-27 13:34:53
"news,600596,845462643.html",对，爆砸，砸的拉稀才好,517,0,2019-06-27 13:34:43
"news,600596,845458788.html",4800手突然撤单？玩什么？,639,0,2019-06-27 13:29:40
"news,600596,845446245.html",怎么不动了，午睡时间是1：30吗,602,0,2019-06-27 13:13:36
"news,600596,845445111.html",继续加仓10000股。,659,1,2019-06-27 13:12:06
"news,600596,845441651.html",死狗,515,0,2019-06-27 13:07:00
"news,600596,845409519.html",想多了,634,0,2019-06-27 11:52:05
"news,600596,845363225.html",买不好的股票是罪过啊,891,1,2019-06-27 10:47:08
"news,600596,845356848.html",10.80元已清仓库 本来想等上11元才割肉的，看来不可能,681,0,2019-06-27 10:39:42
"news,600596,845355742.html",你是跌幅中的领头羊呢？你还真不怕没人跟你玩儿呢？,587,0,2019-06-27 10:38:27
"news,600596,845350756.html",第一垃圾股,592,0,2019-06-27 10:32:50
"news,600596,845337823.html",要买到这样的垃圾股也不容易，运气也很重要啊,761,1,2019-06-27 10:19:41
"news,600596,845337599.html",借解禁打压，至少还得一周盘整,639,0,2019-06-27 10:19:28
"news,600596,845336350.html",你今天吊炸天了,434,0,2019-06-27 10:18:15
"news,600596,845331720.html",清仓处理,572,0,2019-06-27 10:13:41
"news,600596,845329208.html",要绿了 真nb,543,0,2019-06-27 10:11:05
"news,600596,845324072.html",这股有主力？,403,0,2019-06-27 10:06:03
"news,600596,845323754.html",买了你 真是倒八辈子霉了,772,2,2019-06-27 10:05:45
"news,600596,845321762.html",今天绝对是卖点，跟着大单卖绝对不会错,588,0,2019-06-27 10:03:50
"news,600596,845315529.html",什么都不要说了 加仓！任你折腾 10元以下分批买进 好,522,0,2019-06-27 09:57:59
"news,600596,845308717.html",几个月前的三千点 你还人模狗样的。 现在像屎一样,589,0,2019-06-27 09:51:20
"news,600596,845303719.html",明天解禁百八万股。。。这些员工会不会抛啊？,990,1,2019-06-27 09:46:29
"news,600596,845302648.html",垃圾热烈欢迎小散来接盘，一直给你们压着，等你们上车,593,0,2019-06-27 09:45:23
"news,600596,845297739.html",他妈逼就你一个绿的,580,0,2019-06-27 09:40:13
"news,600596,845297415.html",小短腿今天又拉稀了,583,0,2019-06-27 09:40:04
"news,600596,845279150.html",新安股份五大发展方向：智能化篇,1423,1,2019-06-27 09:14:29
"news,600596,845259225.html",今天冲上11元就清仓 准备换入广汇600603。,683,0,2019-06-27 08:25:47
"news,600596,845250297.html",新安股份06月26日获沪股通加仓47.99万股,933,0,2019-06-27 08:02:51
"news,cjpl,845245093.html",新安股份：融资净偿还402.18万元，融资余额9.28亿元（,813,0,2019-06-27 07:48:20
"news,600596,845242091.html",新安股份(600596)融资融券信息(06-26),1501,0,2019-06-27 07:41:06
"news,600596,845068831.html",有机硅产品dmc本周普遍涨价500元/吨，购销两旺，七月,1595,6,2019-06-26 22:43:22
"news,600596,844908334.html",新安股份06月26日资金揭秘,1246,0,2019-06-26 16:06:19
"news,600596,844882165.html",应该差不多了横了这么久！20元我坚信！,1671,4,2019-06-26 15:09:35
"news,600596,844842500.html",筹码不停的集中  我等你起爆的那一刻,2040,10,2019-06-26 14:17:56
"news,600596,844840395.html",现在挂11元整割掉最后一块肉。 准备换中信建投。,948,0,2019-06-26 14:15:15
"news,600596,844828914.html",哇操这谁干的？把我的压盘吃掉,1120,1,2019-06-26 13:59:04
"news,600596,844828826.html",长点都可怜巴几的！,801,0,2019-06-26 13:59:03
"news,600596,844826680.html",不中,677,0,2019-06-26 13:56:05
"news,600596,844824882.html",磨人的小妖精,700,0,2019-06-26 13:53:28
"news,600596,844756180.html",咋了？业绩这么好！新安股份横盘2月必须要惊天大涨！,1851,10,2019-06-26 11:39:59
"news,600596,844717599.html",融资买的人，估计得疯疯了,903,0,2019-06-26 10:44:47
"news,600596,844713068.html",昨天买的，今天又可以卖一部分了,1029,1,2019-06-26 10:38:56
"news,600596,844712151.html",我不管我挂涨停卖,1053,2,2019-06-26 10:37:51
"news,600596,844706316.html",江山如画，新安如影,839,0,2019-06-26 10:30:44
"news,600596,844704289.html",解禁700多万股，7000多万就吃吊了问题不大,1183,1,2019-06-26 10:28:26
"news,600596,844673376.html",吃了伟哥吗？,733,0,2019-06-26 09:52:28
"news,600596,844672542.html",坚守就有希望,796,0,2019-06-26 09:51:35
"news,600596,844648523.html",小短腿出来走两步,851,1,2019-06-26 09:23:41
"news,cjpl,844615388.html",新安股份：融资净买入122.52万元，融资余额9.32亿元（,918,0,2019-06-26 08:06:57
"news,600596,844613062.html",新安股份06月25日获沪股通减仓56.20万股,1213,0,2019-06-26 08:02:47
"news,600596,844611813.html",新安股份(600596)融资融券信息(06-25),1541,0,2019-06-26 07:59:48
"news,600596,844418823.html",猛硅,1964,4,2019-06-25 22:08:01
"news,600596,844413212.html",新安股份虽说横盘震荡了很长时间，但由于上方套牢盘割,1627,1,2019-06-25 21:53:33
"news,600596,844374695.html",10.93买的，亏了两毛钱了，心痛,911,2,2019-06-25 20:14:31
"news,600596,844360475.html",原计划解禁股760万股，为何坛至800多万股？原计划于6,1314,0,2019-06-25 19:38:13
"news,600596,844272908.html",新安股份06月25日资金揭秘,1092,0,2019-06-25 16:06:14
"news,600596,844179966.html",这尼玛算20均有支撑吗？,886,0,2019-06-25 13:37:51
"news,600596,844131391.html",主力还有筹码没有出玩吗？哎呦，这个苦。长期看这还是,1019,0,2019-06-25 12:03:02
"news,600596,844119240.html",新安股份也是黄金概念股,1207,1,2019-06-25 11:38:07
"news,600596,844112645.html",快！一大波主力低位扫货！下午封板！,869,1,2019-06-25 11:28:08
"news,600596,844112065.html",又是一个打短的时机，别错过了,804,0,2019-06-25 11:27:34
"news,600596,844102132.html",庄家瞪着傻B眼，天天盼着大盘下跌。涨了半个世纪让它,971,1,2019-06-25 11:15:11
"news,600596,844047307.html",没长好意思跌呀！,755,0,2019-06-25 10:14:19
"news,600596,844041947.html",贴3做T，又是一次好机会,780,0,2019-06-25 10:08:42
"news,600596,844039975.html",垃圾中的大垃圾,758,0,2019-06-25 10:06:34
"news,600596,844034423.html",我10.92清仓的，今天要不要再买点回来啊？烦恼啊,1260,3,2019-06-25 10:00:29
"news,600596,844031324.html",没有庄的垃圾股票就是这个样子，大盘涨的时候跟风，大,774,0,2019-06-25 09:57:07
"news,600596,844018644.html",小短腿下坡快 嗖嗖的,750,0,2019-06-25 09:43:48
"news,600596,844012097.html",16买后直跌，昨天加仓，今天又跌，真他妈的垃圾,784,0,2019-06-25 09:36:18
"news,600596,844011125.html",垃圾，tnnd，涨了3天今天一天跌完,757,1,2019-06-25 09:35:11
"news,600596,844009561.html",垃圾不能碰,613,0,2019-06-25 09:33:20
"news,600596,844003396.html",此消息以被证实！,813,0,2019-06-25 09:24:23
"news,600596,844001862.html",小短腿 今天要凉啊,578,0,2019-06-25 09:21:59
"news,600596,843968674.html",新安股份06月24日获沪股通加仓39.34万股,1014,0,2019-06-25 08:02:38
"news,cjpl,843964232.html",新安股份：融资净偿还415.68万元，融资余额9.31亿元（,1085,0,2019-06-25 07:50:48
"news,600596,843961436.html",新安股份(600596)融资融券信息(06-24),1643,2,2019-06-25 07:43:21
"news,600596,843800762.html",明天又得跌,826,1,2019-06-24 23:15:40
"news,600596,843776325.html",持激励股票的都是该公司的精英，他们最知道现股价处在,2129,1,2019-06-24 22:10:50
"news,600596,843703452.html",底部发利空,1204,1,2019-06-24 19:30:32
"news,600596,843679805.html",小短腿的管理层不是承诺15块钱以下不减持吗？,936,0,2019-06-24 18:40:44
"news,600596,843642563.html",600596:新安股份独立董事关于第九届董事会第二十六次,2144,0,2019-06-24 17:10:05
"news,600596,843642262.html",600596:新安股份监事会关于公司首期限制性股票激励计,4009,2,2019-06-24 17:09:14
"news,600596,843641962.html",600596:新安股份第九届监事会第十八次会议决议公告,2482,0,2019-06-24 17:08:31
"news,600596,843641942.html",600596:新安股份第九届董事会第二十六次会议决议公告,5327,3,2019-06-24 17:08:28
"news,600596,843641442.html",600596:新安股份:浙江浙经律师事务所关于浙江新安化工,3404,0,2019-06-24 17:07:31
"news,600596,843641460.html",600596:新安股份关于首期限制性股票激励计划解除限售,8035,6,2019-06-24 17:07:25
"news,600596,843635068.html",新安股份在底部横后震荡了很长时间，应该快要启动了，,1528,2,2019-06-24 16:52:58
"news,600596,843613380.html",新安股份06月24日资金揭秘,1101,0,2019-06-24 16:06:07
"news,600596,843583515.html",红三兵,1547,3,2019-06-24 15:01:33
"news,600596,843573943.html",今天表现好,1004,1,2019-06-24 14:48:27
"news,600596,843572779.html",放量突破11元可以大胆跟进！没有突破之前可以观望。,928,0,2019-06-24 14:47:04
"news,600596,843563427.html",明日收盘1120,783,0,2019-06-24 14:34:25
"news,600596,843540798.html",走势远远强于指数[买入][买入][买入],805,0,2019-06-24 14:02:38
"news,600596,843516730.html",10.92清仓了，主力你可以啦了,1241,2,2019-06-24 13:27:55
"news,600596,843480513.html",9.67元机构继续减持。 小散们快跑哦。 [哭][亏大了],892,0,2019-06-24 12:13:15
"news,600596,843461728.html",下午大盘大跌，新安估计也好不了，跟风股而已,1077,1,2019-06-24 11:32:02
"news,600596,843444792.html",我在11.3等你们上来[想一下],757,0,2019-06-24 11:09:23
"news,600596,843440579.html",挂单11.02元6000股不知道能出来吗,901,1,2019-06-24 11:03:54
"news,600596,843435192.html",做T都难，两分钱手续费。,656,0,2019-06-24 10:56:47
"news,600596,843426527.html",今天有没有解禁股，谁知道[想一下],1024,4,2019-06-24 10:45:37
"news,600596,843407666.html",刚才委托11元整卖出2.2万股。 上午能成交吗？,917,2,2019-06-24 10:21:05
"news,600596,843397713.html",换手0.42%，哈哈哈哈，没见过这么神奇的垃圾,733,0,2019-06-24 10:09:02
"news,600596,843383933.html",这么多笔大宗交易，估计应该吃得差不多了吧！,1038,3,2019-06-24 09:53:43
"news,600596,843358600.html",就这一支股！新安大升华！农药龙头有机硅龙头环保无人,889,3,2019-06-24 09:29:21
"news,600596,843357215.html",奇人:新安本周大涨三成！,616,1,2019-06-24 09:27:14
"news,600596,843354748.html",小短腿 你今天行不行啊？,742,1,2019-06-24 09:24:17
"news,cjpl,843303923.html",新安股份：融资净买入842.98万元，融资余额9.35亿元（,1005,0,2019-06-24 07:06:56
"news,600596,843032030.html",请问新安入罗素没？ [献花],2151,3,2019-06-23 16:49:14
"news,600596,842792565.html",大股东股份套现都快套光了，散户比例大于70%，你说它,2623,5,2019-06-23 04:11:41
"news,600596,842464591.html",新安股份10大股东,3394,3,2019-06-22 11:05:02
"news,600596,842418738.html",16.8买的，但现在还天天关注感觉没戏了,2376,2,2019-06-22 08:47:35
"news,600596,842412090.html",看看st板块，这个市场都是笑话，炒腊鸡年代,1538,0,2019-06-22 08:27:24
"news,600596,842403387.html",新安股份06月21日获沪股通加仓7.33万股,1999,0,2019-06-22 08:02:42
"news,600596,842396081.html",新安股份(600596)融资融券信息(06-21),1756,0,2019-06-22 07:41:13
"news,600596,842323808.html",经常折价，看来又要跌了,4536,0,2019-06-22 03:46:49
"news,600596,842226021.html",新安自4月8日以来下跌、横盘震荡已经近5O个交易了，尤,2518,2,2019-06-21 22:39:19
"news,600596,842174737.html",新安股份06月21日发生1笔大宗交易价格9.67元 折价10.8,4517,7,2019-06-21 18:56:43
"news,600596,842127875.html",涨一个点都这么费劲,1515,0,2019-06-21 18:14:37
"news,600596,842076935.html",请老师指教： 资金流出近2000万元。 为什么还能上涨2,2400,4,2019-06-21 16:12:08
"news,600596,842074107.html",新安股份06月21日资金揭秘,1871,0,2019-06-21 16:05:57
"news,600596,842054542.html",新安股份仍在横盘震荡中，目前还看不出启动迹象，需耐,2289,2,2019-06-21 15:22:28
"news,600596,842039419.html",垃圾，浏览量两市排名第3180名[胜利][胜利],1473,0,2019-06-21 14:56:38
"news,600596,841988840.html",量都起来了，怕啥，拿稳,1426,0,2019-06-21 14:32:27
"news,600596,841967042.html",加油还有几分就下来了,1399,0,2019-06-21 14:26:51
"news,600596,841960183.html",小短腿 你能涨过指数吗？,1336,0,2019-06-21 14:19:05
"news,600596,841956408.html",暴跌,1342,0,2019-06-21 14:14:24
"news,600596,841940430.html",倒霉股,1596,1,2019-06-21 13:54:06
"news,600596,841934380.html",10.93跑的，下午10.70可以接回来么？,1633,2,2019-06-21 13:46:19
"news,600596,841933354.html",一万手就这样生吞了？你要玩哪样！猪力,1111,0,2019-06-21 13:44:57
"news,600596,841928071.html",真是没出息，枉费我们在下面费重金托单,930,0,2019-06-21 13:38:18
"news,600596,841894196.html",明天北京大会，明天涨停，,1757,1,2019-06-21 12:45:46
"news,600596,841851547.html",这B的股价太离谱了！,900,0,2019-06-21 11:25:58
"news,600596,841848150.html",大盘已经开始回补缺口，这货远远落后大盘,1082,1,2019-06-21 11:21:45
"news,600596,841845412.html",你会不会像前天又缩住一坨吧？,964,1,2019-06-21 11:18:32
"news,600596,841844499.html",垃圾，利用大盘拼命的出货，不服的尽管进来。低价一直,833,0,2019-06-21 11:17:27
"news,600596,841837470.html",温馨提示： 白马股这两天股价大部分都在创新高！！！,941,1,2019-06-21 11:09:05
"news,600596,841814408.html",F10有6月24日解禁的消息！！,1858,7,2019-06-21 10:41:19
"news,600596,841808153.html",稳住期待中阳,753,0,2019-06-21 10:34:29
"news,600596,841806461.html",守了半个月，赚了2千块钱，走了，亏本的人记住，贵在,792,0,2019-06-21 10:32:26
"news,600596,841758029.html",快上车,754,0,2019-06-21 09:41:31
"news,600596,841749925.html",昨天在10.63卖光今天一开盘就上涨。平常都是死不死活,1430,0,2019-06-21 09:33:08
"news,600596,841713520.html",同日同价买入两只股票，一上天一入地。 4月30日12.52,1114,0,2019-06-21 08:16:42
"news,cjpl,841702452.html",新安股份：融资净买入398.61万元，融资余额9.27亿元（,1134,0,2019-06-21 07:49:55
